{"cameraMode":{"drawMode":0,"name":"Shaded","section":"Shading Mode"},"sceneLighting":true,"audioPlay":false,"sceneViewState":{"m_AlwaysRefresh":false,"showFog":true,"showSkybox":true,"showFlares":true,"showImageEffects":true,"showParticleSystems":true,"showVisualEffectGraphs":true,"m_FxEnabled":true},"in2DMode":false,"pivot":{"x":-0.9362341165542603,"y":3.750993251800537,"z":50.173545837402347},"rotation":{"x":-0.14631526172161103,"y":-0.18173745274543763,"z":0.02734828181564808,"w":-0.9720633029937744},"size":0.8232972621917725,"orthographic":false}